Item,Designator,Qty,Value,Footprint,Manufacturer,MPN,LCSC Part Number,Description
1,C1,1,100uF/25V,Capacitor_SMD:CP_Elec_6.3x5.4,Chongshun Connection (CS),100uF 25V CP_Elec_6.3x5.4,C162594,"Aluminum Electrolytic Capacitor, 100uF 25V 6.3x5.4mm SMD"
2,C2,1,10uF/6.3V,Capacitor_SMD:C_0805_2012Metric,FH (Guangdong Fenghua Advanced Tech),0805B106K100NT,C15849,"Multilayer Ceramic Capacitor, 10uF 10V X5R 0805"
3,C3,1,100nF/10V,Capacitor_SMD:C_0805_2012Metric,FH (Guangdong Fenghua Advanced Tech),0805B104K500NT,C49678,"Multilayer Ceramic Capacitor, 100nF 50V X7R 0805"
4,J1,1,12V_Input,TerminalBlock_TE-Connectivity:TerminalBlock_TE_282834-2_1x02_P2.54mm_Horizontal,TE Connectivity,282834-2,C50993,"Terminal Block, 2-pin, 2.54mm pitch, horizontal, green"
5,R1,1,100k,Resistor_SMD:R_0805_2012Metric,UNI-ROYAL (Uniroyal Elec),0805W8F1003T5E,C149504,"Chip Resistor, 100k Ohm 1/8W 1% 0805"
6,R2,1,22k,Resistor_SMD:R_0805_2012Metric,UNI-ROYAL (Uniroyal Elec),0805W8F2202T5E,C17560,"Chip Resistor, 22k Ohm 1/8W 1% 0805"
7,U1,1,AMS1117-3.3,Package_TO_SOT_SMD:SOT-223-3_TabPin2,Advanced Monolithic Systems,AMS1117-3.3,C6186,Linear Voltage Regulator 3.3V 1A SOT-223
8,U2,1,ESP32-WROOM-32U-N4,RF_Module:ESP32-WROOM-32U,Espressif Systems,ESP32-WROOM-32U-N4,C328062,"MCU Module, ESP32-D0WD-V3, 4MB Flash, Wi-Fi/BT, U.FL connector"
9,J2,1,Conn_01x04_Pin,Connector_PinHeader_2.54mm:PinHeader_1x04_P2.54mm_Vertical,Shenzhen Kinghelm Elec,KH-2.54PH180-1x4P-L11.5,C124375,"1x4P Pin Header 2.54mm Pitch, Vertical, H=11.5mm"
